<?xml version = "1.0" encoding = "utf-8"?>
<!DOCTYPE hibernate-configuration SYSTEM
"http://www.hibernate.org/dtd/hibernate-configuration-3.0.dtd">
<hibernate-configuration>
   <session-factory>
  
      <property name = "hibernate.dialect">
         org.hibernate.dialect.MySQLDialect
      </property>
     
      <property name = "hibernate.connection.driver_class">
         com.mysql.jdbc.Driver
      </property>
     
      <!-- Assume test is the database name -->
     
      <property name = "hibernate.connection.url">
         jdbc:mysql://localhost:3306/tms
      </property>
     
      <property name = "hibernate.connection.username">
         root
      </property>
     
      <property name = "hibernate.connection.password">
         root
      </property>
      <property name="hibernate.temp.use_jdbc_metadata_defaults">false</property>
     <mapping class="com.virtusa.tms.model.Employee" />
     <mapping class="com.virtusa.tms.model.Manager" />
     <mapping class="com.virtusa.tms.model.TrainingAdmin" />
     <mapping class="com.virtusa.tms.model.Venue" />
     <mapping class="com.virtusa.tms.model.Nomination" />
     <mapping class="com.virtusa.tms.model.Courses" />
     <mapping class="com.virtusa.tms.model.Course" />
   </session-factory>
</hibernate-configuration>